date,melatonin,light,tray_id,cultivar,LFW_g,LDW_g,LA_mm2,RFW_g,RDW_g,area,perimeter,axis_major,axis_minor,eccentricity,convex_hull,compactness,extent,diameter,cf,area_cm2,cum_dli,inc_light,tipburn,percent_tipburn
10/30/2023,5,Y,1,C,27.99,1.34,460.75,2.26,0.09,7437,422.49,128.58,78.87,0.79,8922,0.83,0.66,97.31,62.89,118.25,185.56,219.43,0,0
10/30/2023,5,Y,1,D,60.4,2.38,884.72,5.77,0.2,9813,434.49,128.9,99.44,0.64,10848,0.9,0.7,111.78,62.89,156.03,185.56,289.54,0,0
10/30/2023,5,Y,1,C,36.86,1.5,516.76,2.54,0.1,10706,472.48,122.09,117.9,0.26,12015,0.89,0.67,116.75,62.89,170.23,185.56,315.89,0,0
10/30/2023,5,Y,1,C,36.42,1.7,559.21,2.42,0.1,9990,462.88,121.9,108.73,0.45,11010,0.91,0.74,112.78,62.89,158.85,185.56,294.76,0,0
10/30/2023,5,Y,1,C,27.89,1.43,474.77,1.78,0.07,8483,442.29,121.88,94.44,0.63,9857,0.86,0.65,103.93,62.89,134.89,185.56,250.3,0,0
10/30/2023,5,Y,1,D,44.6,1.92,759.82,4.09,0.14,10172,453.1,134.93,100.62,0.67,11216,0.91,0.6,113.8,62.89,161.74,185.56,300.13,0,0
10/30/2023,5,Y,1,D,57.79,2.2,817.19,6.12,0.21,9577,442.09,141.15,89.62,0.77,10383,0.92,0.66,110.43,62.89,152.28,185.56,282.57,0,0
10/30/2023,5,Y,1,C,31.91,1.45,416.21,2.57,0.1,8893,514.96,121.2,108.68,0.44,11644,0.76,0.6,106.41,62.89,141.41,185.56,262.39,0,0
10/30/2023,5,Y,1,D,48.35,2.03,673.54,4.83,0.17,8533,388.53,117.17,94.63,0.59,9156,0.93,0.71,104.23,62.89,135.68,185.56,251.77,0,0
10/30/2023,5,Y,1,C,33.31,1.75,480.4,1.91,0.09,7493,385.81,106.8,95.23,0.45,8495,0.88,0.65,97.67,62.89,119.14,185.56,221.08,0,0
10/30/2023,5,Y,1,D,47.45,2.01,745.06,3.78,0.13,10955,439.99,137.1,107.33,0.62,11758,0.93,0.68,118.1,62.89,174.19,185.56,323.23,0,0
10/30/2023,5,Y,1,C,35.9,1.66,505.22,2.5,0.1,8122,412.53,116.73,94.52,0.59,9205,0.88,0.73,101.69,62.89,129.15,185.56,239.64,0,0
10/30/2023,5,Y,1,D,52.16,1.99,736.9,4.44,0.15,10326,514.48,136.94,105.15,0.64,12139,0.85,0.75,114.66,62.89,164.19,185.56,304.67,0,0
10/30/2023,5,Y,1,C,38.21,1.65,586.44,2.22,0.09,9390,433.4,122.73,102.55,0.55,10773,0.87,0.63,109.34,62.89,149.31,185.56,277.06,0,0
10/30/2023,5,Y,1,C,29.67,1.35,435.8,2.13,0.08,8466,433.61,125.22,94.9,0.65,9935,0.85,0.66,103.82,62.89,134.62,185.56,249.79,0,0
10/30/2023,5,Y,1,D,51.54,2.02,843.69,5.1,0.17,10801,443.61,124.57,115.34,0.38,11643,0.93,0.8,117.27,62.89,171.74,185.56,318.69,0,0
10/30/2023,5,Y,1,C,28.62,1.25,476.15,1.65,0.07,9994,447.16,126.63,107.03,0.53,11245,0.89,0.7,112.8,62.89,158.91,185.56,294.88,0,0
10/30/2023,5,Y,1,D,53.22,2.24,725.17,5.57,0.19,11773,470.13,141.61,110.77,0.62,12861,0.92,0.67,122.43,62.89,187.2,185.56,347.37,0,0
10/30/2023,5,Y,1,C,34.36,1.6,497.6,2.77,0.11,9247,483.75,121.19,107.91,0.46,11196,0.83,0.61,108.51,62.89,147.03,185.56,272.84,0,0
10/30/2023,5,Y,1,D,55.9,2.15,806.55,6.51,0.21,10706,447.5,136.76,103.63,0.65,11754,0.91,0.7,116.75,62.89,170.23,185.56,315.89,0,0
10/30/2023,5,Y,1,C,33.91,1.54,499.42,2.16,0.08,10002,419.46,122.24,107.74,0.47,10833,0.92,0.75,112.85,62.89,159.04,185.56,295.11,0,0
10/30/2023,5,Y,1,D,50.59,1.62,786.71,4.69,0.17,12229,514.06,139.02,121.36,0.49,14270,0.86,0.61,124.78,62.89,194.45,185.56,360.82,0,0
10/30/2023,5,Y,1,D,47.32,2.04,652.56,4.55,0.16,8638,386.53,110.52,104.46,0.33,9171,0.94,0.74,104.87,62.89,137.35,185.56,254.87,0,0
10/30/2023,5,Y,1,C,36.4,1.62,517.72,2.33,0.1,12033,516.76,143.05,112.53,0.62,13766,0.87,0.66,123.78,62.89,191.33,185.56,355.04,0,0
10/30/2023,5,Y,1,D,59.71,2.45,819.89,6.67,0.23,11681,556.27,139.03,119.85,0.51,13949,0.84,0.57,121.95,62.89,185.74,185.56,344.65,0,0
10/30/2023,5,Y,1,C,25.25,1.24,365.98,1.74,0.07,12516,476.43,134.51,122.86,0.41,13792,0.91,0.68,126.24,62.89,199.01,185.56,369.29,0,0
10/30/2023,5,Y,1,D,51.93,2.06,756.1,5.19,0.18,14640,504.58,165.69,115.5,0.72,15475,0.95,0.71,136.53,62.89,232.79,185.56,431.96,0,0
10/30/2023,5,Y,1,C,32.63,1.39,496.82,2.04,0.08,10629,502.52,135.97,108.6,0.6,12668,0.84,0.6,116.33,62.89,169.01,185.56,313.61,0,0
10/30/2023,0,Y,2,C,34.66,1.78,404.9,1.65,0.07,9875,508.37,139.43,99.38,0.7,12097,0.82,0.68,112.13,63.36,155.86,182.22,284,0,0
10/30/2023,0,Y,2,D,59.97,2.39,681.04,5.63,0.19,11290,475.46,150.13,99.47,0.75,12511,0.9,0.75,119.9,63.36,178.19,182.22,324.69,0,0
10/30/2023,0,Y,2,C,37.72,1.82,509.42,2.52,0.1,10654,489.1,124.24,116.92,0.34,12479,0.85,0.69,116.47,63.36,168.15,182.22,306.4,0,0
10/30/2023,0,Y,2,D,52.04,2.21,702.74,5.8,0.2,10698,446.29,126.42,111.94,0.46,11667,0.92,0.72,116.71,63.36,168.84,182.22,307.67,0,0
10/30/2023,0,Y,2,C,38.27,1.89,457.81,2.81,0.11,10746,491.4,135.52,109.31,0.59,12211,0.88,0.72,116.97,63.36,169.6,182.22,309.05,0,0
10/30/2023,0,Y,2,D,51.74,2.16,627.93,6.43,0.22,11232,447.4,135.59,109.43,0.59,12077,0.93,0.68,119.59,63.36,177.27,182.22,323.03,0,0
10/30/2023,0,Y,2,D,53.93,2.24,622.8,4.73,0.17,11806,536.22,144.18,111.97,0.63,13686,0.86,0.65,122.6,63.36,186.33,182.22,339.53,0,0
10/30/2023,0,Y,2,C,37.14,1.84,437.8,2.36,0.09,10692,530.07,130.98,117.49,0.44,13063,0.82,0.66,116.68,63.36,168.75,182.22,307.5,0,0
10/30/2023,0,Y,2,D,45.14,1.84,581.5,3.56,0.12,11238,463.16,134.53,111.63,0.56,12416,0.91,0.63,119.62,63.36,177.37,182.22,323.2,0,0
10/30/2023,0,Y,2,C,28.59,1.39,390.1,2.1,0.09,10210,461.06,131.32,106.65,0.58,11514,0.89,0.63,114.02,63.36,161.14,182.22,293.63,0,0
10/30/2023,0,Y,2,D,34.57,1.52,685.95,2.49,0.09,8464,417.71,117.49,94.73,0.59,9422,0.9,0.68,103.81,63.36,133.59,182.22,243.42,0,0
10/30/2023,0,Y,2,C,22.66,1.24,329.24,0.85,0.05,9757,446.19,134.44,95.09,0.71,10864,0.9,0.75,111.46,63.36,153.99,182.22,280.61,0,0
10/30/2023,0,Y,2,D,55.5,2.14,681.7,5.32,0.19,10977,522.76,136.61,109.08,0.6,12615,0.87,0.66,118.22,63.36,173.25,182.22,315.69,0,0
10/30/2023,0,Y,2,C,22.33,1.22,320.65,0.94,0.04,7459,391.32,103.3,96.81,0.35,8509,0.88,0.72,97.45,63.36,117.72,182.22,214.52,0,0
10/30/2023,0,Y,2,C,38.99,1.87,501.23,2.24,0.1,9946,460.92,132.13,102.91,0.63,11416,0.87,0.68,112.53,63.36,156.98,182.22,286.04,0,0
10/30/2023,0,Y,2,D,56.5,2.39,691.11,5.77,0.2,11424,436.05,137.43,107.74,0.62,12143,0.94,0.78,120.6,63.36,180.3,182.22,328.55,0,0
10/30/2023,0,Y,2,C,33.32,1.7,408.01,1.93,0.08,9954,570.4,130.09,116.48,0.45,12622,0.79,0.59,112.58,63.36,157.1,182.22,286.27,0,0
10/30/2023,0,Y,2,D,56.08,2.29,678.5,5.74,0.2,10424,434.82,132.16,103.59,0.62,11170,0.93,0.73,115.21,63.36,164.52,182.22,299.79,0,0
10/30/2023,0,Y,2,C,41.83,1.92,498.1,2.6,0.12,11939,582.56,147.93,113.32,0.64,14839,0.8,0.65,123.29,63.36,188.43,182.22,343.36,0,0
10/30/2023,0,Y,2,D,57.03,2.48,693.81,4.63,0.18,11894,531.39,146.56,117.7,0.6,14353,0.83,0.69,123.06,63.36,187.72,182.22,342.07,0,0
10/30/2023,0,Y,2,C,37.79,1.72,432.15,2.15,0.09,10535,447.26,132.42,105.18,0.61,11566,0.91,0.71,115.82,63.36,166.27,182.22,302.98,0,0
10/30/2023,0,Y,2,D,55.7,2.37,644.87,5.94,0.21,11027,578.17,132.68,120.69,0.42,13306,0.83,0.59,118.49,63.36,174.04,182.22,317.13,0,0
10/30/2023,0,Y,2,D,65.18,2.72,798.92,5,0.2,14272,533.2,145.36,132.06,0.42,15772,0.9,0.67,134.8,63.36,225.25,182.22,410.46,0,0
10/30/2023,0,Y,2,C,37.7,1.89,455.53,2.04,0.11,11852,576.17,141.73,119.29,0.54,14078,0.84,0.59,122.84,63.36,187.06,182.22,340.86,0,0
10/30/2023,0,Y,2,D,52.03,2.26,681.92,5.21,0.2,11815,501.85,128.41,124.63,0.24,13294,0.89,0.77,122.65,63.36,186.47,182.22,339.79,0,0
10/30/2023,0,Y,2,C,36.1,1.7,441.99,2.14,0.1,10620,475.65,129.52,113.33,0.48,12278,0.86,0.69,116.28,63.36,167.61,182.22,305.43,0,0
10/30/2023,0,Y,2,D,48.45,2.07,607.93,3.78,0.15,11761,464.33,138.05,112.7,0.58,12732,0.92,0.77,122.37,63.36,185.62,182.22,338.24,0,0
10/30/2023,0,Y,2,C,40.47,1.93,507.49,2.54,0.11,12170,511.79,148.12,111.09,0.66,13596,0.9,0.74,124.48,63.36,192.08,182.22,350,0,0
10/30/2023,10,Y,3,C,27.32,1.4,386.1,1.43,0.06,9715,486.92,133.89,100.54,0.66,11579,0.84,0.69,111.22,66.42,146.27,163.08,238.53,0,0
10/30/2023,10,Y,3,D,47.05,2.02,693.48,4.48,0.15,10482,444.88,127.61,108.14,0.53,11382,0.92,0.75,115.53,66.42,157.81,163.08,257.36,0,0
10/30/2023,10,Y,3,C,39.51,1.91,529.28,2.33,0.08,10465,473.06,128.36,109.25,0.53,11751,0.89,0.68,115.43,66.42,157.56,163.08,256.95,0,0
10/30/2023,10,Y,3,D,47.06,2.28,644.16,3.33,0.11,10356,426.98,121.23,111.62,0.39,11176,0.93,0.77,114.83,66.42,155.92,163.08,254.27,0,0
10/30/2023,10,Y,3,C,40.23,2.03,516.9,2.31,0.09,12158,498.23,135.86,122.13,0.44,13511,0.9,0.74,124.42,66.42,183.05,163.08,298.51,0,0
10/30/2023,10,Y,3,D,54.58,2.32,729.5,5.06,0.17,11701,446.82,129.87,117.63,0.42,12452,0.94,0.71,122.06,66.42,176.17,163.08,287.29,0,0
10/30/2023,10,Y,3,D,39.71,2.02,618.4,2.2,0.09,9698,457.85,141.3,93.36,0.75,11261,0.86,0.66,111.12,66.42,146.01,163.08,238.11,0,0
10/30/2023,10,Y,3,C,31.5,1.64,438.22,1.78,0.07,8977,469.26,118.44,110.55,0.36,10943,0.82,0.6,106.91,66.42,135.16,163.08,220.41,0,0
10/30/2023,10,Y,3,D,52.49,2.22,723.3,4.36,0.15,9401,387.22,118.05,102.91,0.49,9858,0.95,0.72,109.41,66.42,141.54,163.08,230.82,0,0
10/30/2023,10,Y,3,C,35.35,1.9,457.92,1.1,0.06,10024,477.99,124.26,110.54,0.46,11523,0.87,0.69,112.97,66.42,150.92,163.08,246.12,0,0
10/30/2023,10,Y,3,D,55.34,2.38,754.2,4.95,0.16,11598,468.33,133.9,113.9,0.53,12706,0.91,0.72,121.52,66.42,174.62,163.08,284.76,0,0
10/30/2023,10,Y,3,C,27.32,1.44,428.9,1.39,0.07,10303,532.03,141.03,104.04,0.68,12316,0.84,0.69,114.53,66.42,155.12,163.08,252.97,0,0
10/30/2023,10,Y,3,D,56.33,2.41,790.1,5.95,0.2,11226,454.92,126.37,115.69,0.4,12108,0.93,0.73,119.55,66.42,169.02,163.08,275.63,0,0
10/30/2023,10,Y,3,C,42.67,2.24,545.49,3.5,0.12,11969,491.3,140.99,115.99,0.57,13642,0.88,0.64,123.45,66.42,180.2,163.08,293.87,0,0
10/30/2023,10,Y,3,C,34.98,1.81,449.5,2.89,0.1,10119,458.72,120.24,115.86,0.27,11465,0.88,0.64,113.51,66.42,152.35,163.08,248.45,0,0
10/30/2023,10,Y,3,D,54.27,2.31,748.7,4.19,0.13,9150,435.85,119.06,105.23,0.47,10430,0.88,0.76,107.94,66.42,137.76,163.08,224.66,0,0
10/30/2023,10,Y,3,C,36.54,1.9,465.71,2.33,0.09,10128,522.7,152.74,93.93,0.79,12779,0.79,0.62,113.56,66.42,152.48,163.08,248.67,0,0
10/30/2023,10,Y,3,D,43.77,2.04,688,3.25,0.11,11858,552.96,144.55,117.11,0.59,14318,0.83,0.6,122.87,66.42,178.53,163.08,291.15,0,0
10/30/2023,10,Y,3,C,33.29,1.72,522.8,1.39,0.06,10888,471.16,129.61,114.5,0.47,12250,0.89,0.73,117.74,66.42,163.93,163.08,267.33,0,0
10/30/2023,10,Y,3,D,50.97,2.33,678.36,5.09,0.18,11409,439.61,133.18,112.29,0.54,12003,0.95,0.77,120.53,66.42,171.77,163.08,280.12,0,0
10/30/2023,10,Y,3,C,32.77,1.76,457.69,1.63,0.06,8803,447.75,119.64,108.9,0.41,10282,0.86,0.57,105.87,66.42,132.54,163.08,216.14,0,0
10/30/2023,10,Y,3,D,52.46,2.36,724.58,5.37,0.18,11708,501.45,139.67,111.4,0.6,13162,0.89,0.7,122.09,66.42,176.27,163.08,287.46,0,0
10/30/2023,10,Y,3,D,53.26,2.34,824.13,4.32,0.15,12971,526.62,146.18,117.27,0.6,14544,0.89,0.68,128.51,66.42,195.29,163.08,318.47,0,0
10/30/2023,10,Y,3,C,31.15,1.54,447.15,2.17,0.09,9124,459.5,118.99,110.67,0.37,10617,0.86,0.59,107.78,66.42,137.37,163.08,224.02,0,0
10/30/2023,10,Y,3,D,49.15,2.17,679.22,3.36,0.12,11184,469.66,132.87,112.7,0.53,12490,0.9,0.73,119.33,66.42,168.38,163.08,274.6,0,0
10/30/2023,10,Y,3,C,36.55,1.81,473.05,2.55,0.09,11901,526.03,140.86,120.39,0.52,13900,0.86,0.63,123.1,66.42,179.18,163.08,292.2,0,0
10/30/2023,10,Y,3,D,52.92,2.41,710.82,5.42,0.18,13227,520.23,141.86,123.69,0.49,14526,0.91,0.68,129.77,66.42,199.14,163.08,324.76,0,0
10/30/2023,10,Y,3,C,34.82,1.74,422.27,2.22,0.09,11936,545,144.78,114.25,0.61,14101,0.85,0.71,123.28,66.42,179.7,163.08,293.06,0,0
10/30/2023,0,N,4,C,18.22,1.07,284.52,1.02,0.04,8031,568.89,134.52,94.22,0.71,11584,0.69,0.51,101.12,61.15,131.33,59.42,78.04,0,0
10/30/2023,0,N,4,D,50.18,2.1,738.27,3.98,0.13,10899,575.83,134.51,116.47,0.5,13980,0.78,0.58,117.8,61.15,178.23,59.42,105.91,0,0
10/30/2023,0,N,4,C,27.98,1.52,430.52,1.53,0.06,8410,570.8,123.55,102.4,0.56,11061,0.76,0.61,103.48,61.15,137.53,59.42,81.72,0,0
10/30/2023,0,N,4,D,51.71,2.2,793.41,4.18,0.14,11548,491.5,128.17,121.02,0.33,13030,0.89,0.68,121.26,61.15,188.85,59.42,112.21,0,0
10/30/2023,0,N,4,C,28.05,1.41,370.85,2.01,0.06,10426,585.57,143.95,105.99,0.68,13092,0.8,0.65,115.22,61.15,170.5,59.42,101.31,0,0
10/30/2023,0,N,4,D,54.97,2.57,775.8,5.48,0.18,12243,464.48,130.97,120.87,0.39,13226,0.93,0.77,124.85,61.15,200.21,59.42,118.97,0,0
10/30/2023,0,N,4,D,49.62,2.15,740.9,3.23,0.11,12015,532.32,154.7,103.57,0.74,13778,0.87,0.68,123.68,61.15,196.48,59.42,116.75,0,0
10/30/2023,0,N,4,C,31.89,1.65,530.63,1.88,0.07,9373,553.83,129.51,107.73,0.55,12485,0.75,0.61,109.24,61.15,153.28,59.42,91.08,0,0
10/30/2023,0,N,4,D,46.21,2.13,702.7,3.32,0.11,9309,452.33,132.2,96.67,0.68,10546,0.88,0.65,108.87,61.15,152.23,59.42,90.46,0,0
10/30/2023,0,N,4,C,32.53,1.62,486.41,1.92,0.07,10117,558.46,134.95,108.8,0.59,12160,0.83,0.68,113.5,61.15,165.45,59.42,98.31,0,0
10/30/2023,0,N,4,D,43.42,1.93,685.08,2.95,0.11,12007,545.59,137.27,117.14,0.52,13825,0.87,0.73,123.64,61.15,196.35,59.42,116.67,0,0
10/30/2023,0,N,4,C,23.54,1.35,376.27,1.25,0.05,9499,465.75,131.48,98.47,0.66,10779,0.88,0.71,109.98,61.15,155.34,59.42,92.3,0,0
10/30/2023,0,N,4,D,50.08,2.3,745.45,3.79,0.13,8166,585.77,135.13,99.46,0.68,12086,0.68,0.56,101.97,61.15,133.54,59.42,79.35,0,0
10/30/2023,0,N,4,C,34.23,1.73,478.93,1.85,0.07,11017,535.35,125.57,121.35,0.26,13230,0.83,0.6,118.44,61.15,180.16,59.42,107.05,0,0
10/30/2023,0,N,4,C,31.66,1.69,461.79,1.55,0.06,7546,476.96,119.57,99.25,0.56,9987,0.76,0.51,98.02,61.15,123.4,59.42,73.33,0,0
10/30/2023,0,N,4,D,49.63,2.21,743.3,4.27,0.15,9748,444.78,125.24,107.18,0.52,10890,0.9,0.78,111.41,61.15,159.41,59.42,94.72,0,0
10/30/2023,0,N,4,C,22.22,1.18,317.8,1.12,0.05,12560,608.8,158.91,116.44,0.68,15924,0.79,0.62,126.46,61.15,205.4,59.42,122.05,0,0
10/30/2023,0,N,4,D,44.09,1.95,760.5,3.5,0.12,11515,491.4,144.62,108.08,0.66,13139,0.88,0.69,121.08,61.15,188.31,59.42,111.89,0,0
10/30/2023,0,N,4,D,40.24,1.99,659.9,2.66,0.09,11352,513.79,132.76,118.06,0.46,13019,0.87,0.72,120.22,61.15,185.64,59.42,110.31,0,0
10/30/2023,0,N,4,C,32.05,1.7,477.71,1.94,0.08,9583,424.27,119.48,108.17,0.42,10812,0.89,0.64,110.46,61.15,156.71,59.42,93.12,0,0
10/30/2023,0,N,4,C,32.49,1.69,443.4,1.6,0.07,12551,537.06,141.58,119.96,0.53,14444,0.87,0.65,126.41,61.15,205.25,59.42,121.96,0,0
10/30/2023,0,N,4,D,52.5,2.26,774.8,3.86,0.14,13505,492.76,157.68,112.15,0.7,14384,0.94,0.71,131.13,61.15,220.85,59.42,131.23,0,0
10/30/2023,0,N,4,D,48.44,2.2,865.45,3.97,0.14,5080,313.48,95.02,72.73,0.64,5682,0.89,0.73,80.42,61.15,83.07,59.42,49.36,0,0
10/30/2023,0,N,4,C,26.42,1.3,374.8,1.33,0.06,13364,551.2,160.7,111.48,0.72,15607,0.86,0.67,130.44,61.15,218.54,59.42,129.86,0,0
10/30/2023,0,N,4,D,45.96,2.16,647.2,3.03,0.11,9021,552.86,135.31,106.64,0.62,12403,0.73,0.59,107.17,61.15,147.52,59.42,87.66,0,0
10/30/2023,0,N,4,C,7.91,0.61,159.29,0.37,0.02,10392,437.65,141.59,97.03,0.73,11261,0.92,0.67,115.03,61.15,169.94,59.42,100.98,0,0
10/30/2023,0,N,4,D,47.18,2.18,678.2,3.3,0.12,11172,509.55,149.84,102.68,0.73,13496,0.83,0.61,119.27,61.15,182.7,59.42,108.56,0,0
10/30/2023,0,N,4,C,32.38,1.64,403.93,1.79,0.07,9252,543.59,131.79,102.72,0.63,11667,0.79,0.64,108.54,61.15,151.3,59.42,89.9,0,0
10/30/2023,10,N,5,C,25.88,1.36,408.08,1.22,0.05,9618,534.86,125.18,107.35,0.51,12005,0.8,0.61,110.66,71.74,134.07,46.83,62.78,0,0
10/30/2023,10,N,5,D,49.06,2.25,812.02,3.28,0.11,12725,649.23,162.09,109.91,0.73,16815,0.76,0.61,127.29,71.74,177.38,46.83,83.07,0,0
10/30/2023,10,N,5,C,27.75,1.49,425.4,1.16,0.05,9394,568.03,126.99,114.59,0.43,12865,0.73,0.55,109.37,71.74,130.95,46.83,61.32,0,0
10/30/2023,10,N,5,D,41.06,1.97,679.2,2.75,0.09,10635,502.09,123.69,116.34,0.34,12048,0.88,0.74,116.37,71.74,148.24,46.83,69.42,0,0
10/30/2023,10,N,5,C,29.35,1.6,475.62,1.47,0.06,11685,661.27,157.05,108.64,0.72,14539,0.8,0.59,121.97,71.74,162.88,46.83,76.28,0,0
10/30/2023,10,N,5,D,48.56,2.28,773.09,3.07,0.1,12955,508.48,140.28,125.23,0.45,14559,0.89,0.64,128.43,71.74,180.58,46.83,84.57,0,0
10/30/2023,10,N,5,D,54.06,2.34,850.27,3.46,0.12,12387,616.26,148.72,118.42,0.6,15067,0.82,0.69,125.59,71.74,172.67,46.83,80.86,0,0
10/30/2023,10,N,5,C,30.27,1.59,428.29,1.5,0.05,10393,589.09,133.92,115.17,0.51,13787,0.75,0.57,115.03,71.74,144.87,46.83,67.84,0,0
10/30/2023,10,N,5,D,35.24,1.76,643.7,1.91,0.07,11000,518.48,134.37,113.52,0.54,12865,0.86,0.69,118.35,71.74,153.33,46.83,71.81,0,0
10/30/2023,10,N,5,C,23.48,1.22,304.1,1.28,0.05,10057,559.73,124.48,117.56,0.33,12233,0.82,0.63,113.16,71.74,140.19,46.83,65.65,0,0
10/30/2023,10,N,5,D,46.81,2.05,747.5,2.08,0.07,13365,527.06,147,122.62,0.55,14933,0.89,0.68,130.45,71.74,186.3,46.83,87.24,0,0
10/30/2023,10,N,5,C,31.56,1.77,455.9,1.65,0.07,11977,650.26,156.32,116.33,0.67,16020,0.75,0.58,123.49,71.74,166.95,46.83,78.18,0,0
10/30/2023,10,N,5,D,49.39,2.3,776.73,3.96,0.13,11153,500.62,125.33,122.77,0.2,13127,0.85,0.64,119.17,71.74,155.46,46.83,72.8,0,0
10/30/2023,10,N,5,C,30.32,1.6,433.73,1.68,0.06,11010,526.07,131.65,118.24,0.44,13002,0.85,0.61,118.4,71.74,153.47,46.83,71.87,0,0
10/30/2023,10,N,5,C,27.64,1.42,406.24,1.3,0.05,10392,454.58,133.21,106.63,0.6,11768,0.88,0.66,115.03,71.74,144.86,46.83,67.84,0,0
10/30/2023,10,N,5,D,47.52,2.17,713.69,3.32,0.11,13035,548.22,149.67,116.73,0.63,14720,0.89,0.63,128.83,71.74,181.7,46.83,85.09,0,0
10/30/2023,10,N,5,C,28.9,1.59,407.2,1.3,0.05,9822,617.45,141.03,110.42,0.62,13999,0.7,0.49,111.83,71.74,136.91,46.83,64.12,0,0
10/30/2023,10,N,5,D,48.54,2.2,754.88,4.1,0.13,9398,530.59,125.46,108.41,0.5,12204,0.77,0.54,109.39,71.74,131,46.83,61.35,0,0
10/30/2023,10,N,5,C,23.47,1.24,350.77,0.91,0.04,11697,498.03,134.21,120.96,0.43,13572,0.86,0.63,122.04,71.74,163.05,46.83,76.35,0,0
10/30/2023,10,N,5,D,48.74,2.76,769.5,3,0.1,11868,490.58,132.81,121.02,0.41,13387,0.89,0.66,122.93,71.74,165.43,46.83,77.47,0,0
10/30/2023,10,N,5,C,28.56,1.59,438.49,1.16,0.05,12486,538.76,138.08,127.35,0.39,14767,0.85,0.61,126.09,71.74,174.05,46.83,81.51,0,0
10/30/2023,10,N,5,D,48.13,2.15,736.22,3.38,0.11,13505,488.76,150.77,116.33,0.64,14402,0.94,0.72,131.13,71.74,188.25,46.83,88.16,0,0
10/30/2023,10,N,5,D,45.62,2.25,763.76,3.44,0.12,12643,591.04,137.11,123.93,0.43,14509,0.87,0.67,126.88,71.74,176.23,46.83,82.53,0,0
10/30/2023,10,N,5,C,28.05,1.72,429.15,1.47,0.07,11397,595.67,141.9,120.03,0.53,14583,0.78,0.57,120.46,71.74,158.87,46.83,74.4,0,0
10/30/2023,10,N,5,D,46.01,2.31,753.65,3.46,0.12,13552,517.63,141.93,125.62,0.47,14979,0.9,0.69,131.36,71.74,188.9,46.83,88.46,0,0
10/30/2023,10,N,5,C,24.36,1.42,356.4,1.1,0.05,10680,524.17,135.21,113.45,0.54,12892,0.83,0.66,116.61,71.74,148.87,46.83,69.72,0,0
10/30/2023,10,N,5,D,50.6,2.28,761.02,4.15,0.13,12988,566.76,158.68,111.4,0.71,14625,0.89,0.66,128.6,71.74,181.04,46.83,84.78,0,0
10/30/2023,10,N,5,C,27.65,1.48,439.1,1.53,0.06,12419,579.39,146.79,119.85,0.58,15281,0.81,0.57,125.75,71.74,173.11,46.83,81.07,0,0
10/30/2023,5,N,6,C,30.57,1.66,498.97,1.65,0.06,10580,548.27,143.32,102.53,0.7,13821,0.77,0.66,116.06,63.36,166.98,130.86,218.51,0,0
10/30/2023,5,N,6,D,43.9,2.12,714.6,3.53,0.11,13125,602.6,144.11,127.45,0.47,15600,0.84,0.67,129.27,63.36,207.15,130.86,271.08,0,0
10/30/2023,5,N,6,C,24.18,1.25,371.31,1.17,0.04,8030,453.06,120.43,95.08,0.61,9789,0.82,0.62,101.11,63.36,126.74,130.86,165.85,0,0
10/30/2023,5,N,6,D,38.13,1.83,673.97,2.87,0.1,10082,461.89,124.28,114.63,0.39,11894,0.85,0.63,113.3,63.36,159.12,130.86,208.23,0,0
10/30/2023,5,N,6,C,26.56,1.48,431.04,1.45,0.06,10427,585.39,133.24,116.04,0.49,13344,0.78,0.62,115.22,63.36,164.57,130.86,215.35,0,0
10/30/2023,5,N,6,D,46.66,2.21,797.65,3.27,0.12,13693,559.97,142.77,126.99,0.46,15175,0.9,0.64,132.04,63.36,216.11,130.86,282.81,0,0
10/30/2023,5,N,6,D,47.07,2.06,733.89,3.14,0.1,11581,562.7,161.51,99.26,0.79,14905,0.78,0.63,121.43,63.36,182.78,130.86,239.19,0,0
10/30/2023,5,N,6,C,22.76,1.28,404.8,1.5,0.06,11899,566.52,143.05,114.51,0.6,14552,0.82,0.62,123.09,63.36,187.8,130.86,245.75,0,0
10/30/2023,5,N,6,D,47.31,2.11,778.44,3.17,0.1,9826,524.07,129.72,105.61,0.58,12163,0.81,0.62,111.85,63.36,155.08,130.86,202.94,0,0
10/30/2023,5,N,6,C,29.57,1.59,413.19,1.72,0.06,11894,494.9,141.28,111.64,0.61,13375,0.89,0.65,123.06,63.36,187.72,130.86,245.65,0,0
10/30/2023,5,N,6,D,45.41,2.28,723.47,3.1,0.11,10897,489.55,132.15,112.5,0.52,12436,0.88,0.65,117.79,63.36,171.99,130.86,225.06,0,0
10/30/2023,5,N,6,C,30.92,1.71,445.48,1.59,0.06,10110,567,144.96,106.32,0.68,12970,0.78,0.67,113.46,63.36,159.56,130.86,208.81,0,0
10/30/2023,5,N,6,D,43.34,2.03,745.05,2.11,0.07,9949,560.62,155.39,95.59,0.79,13589,0.73,0.52,112.55,63.36,157.02,130.86,205.48,0,0
10/30/2023,5,N,6,C,28.67,1.51,406.82,2.07,0.07,11159,535.1,148.36,101.98,0.73,12920,0.86,0.65,119.2,63.36,176.12,130.86,230.47,0,0
10/30/2023,5,N,6,C,26.3,1.49,399.89,1.29,0.05,10872,516.37,126.79,121.79,0.28,12928,0.84,0.61,117.65,63.36,171.59,130.86,224.54,0,0
10/30/2023,5,N,6,D,50.87,2.36,806.04,4.3,0.14,9160,479.65,124.24,106.23,0.52,10839,0.85,0.64,107.99,63.36,144.57,130.86,189.19,0,0
10/30/2023,5,N,6,C,22.25,1.25,357.14,1.21,0.05,14562,533.59,145.15,133.45,0.39,16071,0.91,0.68,136.17,63.36,229.83,130.86,300.75,0,0
10/30/2023,5,N,6,D,50.23,2.36,768.8,3.25,0.11,12577,541.1,158.95,106.44,0.74,14570,0.86,0.72,126.54,63.36,198.5,130.86,259.76,0,0
10/30/2023,5,N,6,C,29.78,1.57,435.12,1.49,0.05,13833,612.17,154.67,119.14,0.64,15780,0.88,0.78,132.71,63.36,218.32,130.86,285.7,0,0
10/30/2023,5,N,6,D,47.01,2.28,753.93,3.69,0.11,10206,523.93,130.1,113.63,0.49,12534,0.81,0.62,113.99,63.36,161.08,130.86,210.79,0,0
10/30/2023,5,N,6,C,30.5,1.67,466.8,1.57,0.06,10023,461.93,129.39,107.02,0.56,11256,0.89,0.73,112.97,63.36,158.19,130.86,207.01,0,0
10/30/2023,5,N,6,D,48.14,2.18,754.31,3.58,0.11,11708,513.1,140.91,116.88,0.56,13369,0.88,0.71,122.09,63.36,184.79,130.86,241.81,0,0
10/30/2023,5,N,6,D,50.34,2.4,747.92,3.69,0.12,12853,567.24,158.03,113,0.7,15896,0.81,0.6,127.93,63.36,202.86,130.86,265.46,0,0
10/30/2023,5,N,6,C,29.24,1.67,442.44,1.75,0.06,10976,541.83,139.89,109.76,0.62,13113,0.84,0.65,118.22,63.36,173.23,130.86,226.69,0,0
10/30/2023,5,N,6,D,49.69,2.5,717.18,3.98,0.14,11682,505.89,137.4,116.14,0.53,13099,0.89,0.64,121.96,63.36,184.38,130.86,241.27,0,0
10/30/2023,5,N,6,C,16.63,0.96,267.09,0.97,0.04,8171,390.53,109.79,99.8,0.42,8958,0.91,0.66,102,63.36,128.96,130.86,168.76,0,0
10/30/2023,5,N,6,D,51.41,2.41,750.77,3.36,0.11,13862,560.82,148.37,130.89,0.47,15749,0.88,0.7,132.85,63.36,218.78,130.86,286.3,0,0
10/30/2023,5,N,6,C,31.85,1.77,489.83,1.7,0.07,13088,567.83,151.35,120.17,0.61,15554,0.84,0.69,129.09,63.36,206.57,130.86,270.31,0,0
11/06/2023,5,Y,1,D,143.22,6.01,1418.65,12.25,0.49,14825,545.35,153.83,126.5,0.57,16124,0.92,0.75,137.39,62.89,235.73,316.3,745.61,1,25
11/06/2023,5,Y,1,C,123.72,5.88,1311.27,10.95,0.43,16635,628.5,159.08,141.48,0.46,18816,0.88,0.67,145.53,62.89,264.51,316.3,836.64,1,3.8
11/06/2023,5,Y,1,D,149.2,5.99,1299.58,11.78,0.44,15002,483.69,148.99,129.52,0.49,15593,0.96,0.75,138.21,62.89,238.54,316.3,754.51,1,18.8
11/06/2023,5,Y,1,C,99.7,4.85,1071.58,7.26,0.33,15036,546.17,148.61,134.68,0.42,16553,0.91,0.75,138.36,62.89,239.08,316.3,756.22,1,16
11/06/2023,5,Y,1,D,135.53,5.42,1310.01,9.58,0.37,16254,527.59,159.36,131.88,0.56,17160,0.95,0.77,143.86,62.89,258.45,316.3,817.48,0,0
11/06/2023,5,Y,1,D,137.91,5.5,1229.09,11.33,0.45,14339,504.03,145.55,128.53,0.47,15492,0.93,0.72,135.12,62.89,228,316.3,721.17,1,22.2
11/06/2023,5,Y,1,C,121.92,5.9,1272.6,8.91,0.4,13730,544.52,146.78,128.75,0.48,15709,0.87,0.69,132.22,62.89,218.32,316.3,690.54,0,0
11/06/2023,5,Y,1,D,135.1,5.51,1246.61,7.56,0.3,17310,539.35,169.5,133.91,0.61,18342,0.94,0.72,148.46,62.89,275.24,316.3,870.59,1,29.6
11/06/2023,5,Y,1,C,94.05,4.57,1029.72,7.32,0.32,14776,504.76,147.17,130.05,0.47,15735,0.94,0.73,137.16,62.89,234.95,316.3,743.15,1,15.4
11/06/2023,5,Y,1,D,142.36,5.57,1322.41,11.27,0.43,17428,681.33,169.58,141.57,0.55,20760,0.84,0.65,148.96,62.89,277.12,316.3,876.53,0,0
11/06/2023,5,Y,1,C,91.46,4.13,1091.99,6.31,0.27,18204,615.91,179.29,136.99,0.65,20604,0.88,0.61,152.24,62.89,289.46,316.3,915.55,0,0
11/06/2023,5,Y,1,C,122.05,5.65,1399.43,9.41,0.41,18123,663.91,166.63,146.16,0.48,20998,0.86,0.66,151.9,62.89,288.17,316.3,911.48,0,0
11/06/2023,5,Y,1,D,130.73,5.5,1214.65,10.75,0.42,15117,511.45,147.9,132.35,0.45,16159,0.94,0.72,138.74,62.89,240.37,316.3,760.3,1,29.6
11/06/2023,0,Y,2,D,133.07,5.64,1281.37,10.39,0.43,16234,541.55,160.93,131.43,0.58,17488,0.93,0.77,143.77,63.36,256.22,312.37,800.35,1,25.8
11/06/2023,0,Y,2,C,110.66,5.36,1264.08,8.41,0.34,16784,581.19,155.8,141.72,0.42,18238,0.92,0.78,146.18,63.36,264.9,312.37,827.46,1,11.5
11/06/2023,0,Y,2,D,155.63,6.43,1481.35,11.58,0.42,15375,491.69,149.4,132.33,0.46,16071,0.96,0.74,139.91,63.36,242.66,312.37,758,1,16.7
11/06/2023,0,Y,2,C,110,5.58,1195.55,7.61,0.32,16474,569.35,161.07,135.39,0.54,18049,0.91,0.74,144.83,63.36,260.01,312.37,812.18,1,16
11/06/2023,0,Y,2,D,138.71,5.48,1362.06,10.41,0.39,14883,527.69,150.21,129.13,0.51,15774,0.94,0.72,137.66,63.36,234.9,312.37,733.74,1,21.4
11/06/2023,0,Y,2,D,147.86,6.32,1435.98,9.43,0.38,16363,644.4,169.87,129.49,0.65,18958,0.86,0.68,144.34,63.36,258.25,312.37,806.71,1,32.3
11/06/2023,0,Y,2,C,108.3,5.82,1298.7,5.95,0.28,19046,680.44,170.52,152.49,0.45,21999,0.87,0.61,155.72,63.36,300.6,312.37,938.98,1,17.9
11/06/2023,0,Y,2,D,162.97,6.71,1577.4,13.73,0.53,18362,558.62,157.38,152.34,0.25,19459,0.94,0.74,152.9,63.36,289.8,312.37,905.26,1,16.7
11/06/2023,0,Y,2,C,115.53,5.84,1324.24,7.76,0.32,16843,611.63,168.58,136.07,0.59,19106,0.88,0.66,146.44,63.36,265.83,312.37,830.37,1,14.3
11/06/2023,0,Y,2,D,166.16,6.78,1664.84,12.24,0.46,16591,511,150.84,141.91,0.34,17378,0.95,0.76,145.34,63.36,261.85,312.37,817.95,1,17.6
11/06/2023,0,Y,2,C,114.69,5.72,1313.45,7.96,0.33,18547,616.5,176.42,138.09,0.62,20404,0.91,0.67,153.67,63.36,292.72,312.37,914.38,1,16
11/06/2023,0,Y,2,C,98.84,5.1,1202.79,6.5,0.29,17041,658.22,179.53,130.77,0.69,20122,0.85,0.64,147.3,63.36,268.96,312.37,840.14,1,20.8
11/06/2023,0,Y,2,D,150.33,6.22,1514.75,11.94,0.45,17277,564.66,158.8,144.23,0.42,18878,0.92,0.69,148.32,63.36,272.68,312.37,851.77,1,32.3
11/06/2023,10,Y,3,D,138.97,5.68,1504.57,10.08,0.35,19273,601.23,186.28,135.27,0.69,20657,0.93,0.64,156.65,66.42,290.17,276.62,802.66,1,16.1
11/06/2023,10,Y,3,C,125.85,6.34,1400.56,9.7,0.36,19408,708.44,173.18,154.64,0.45,22713,0.85,0.71,157.2,66.42,292.2,276.62,808.29,1,10.3
11/06/2023,10,Y,3,D,153.5,6.29,1429.79,13.17,0.43,16630,546.76,153.17,142.18,0.37,17982,0.92,0.74,145.51,66.42,250.38,276.62,692.59,1,16.1
11/06/2023,10,Y,3,C,122.31,6.39,1216.24,9.72,0.36,18983,635.24,168.48,150.57,0.45,20833,0.91,0.76,155.47,66.42,285.8,276.62,790.59,1,25.9
11/06/2023,10,Y,3,D,168.21,7.25,1628.24,14.35,0.47,20527,612.36,175.82,151.75,0.5,21839,0.94,0.77,161.67,66.42,309.05,276.62,854.89,1,18.8
11/06/2023,10,Y,3,D,158.38,6.98,1681.39,11.52,0.4,17581,616.84,165.02,142.07,0.51,20326,0.86,0.67,149.62,66.42,264.69,276.62,732.2,1,18.8
11/06/2023,10,Y,3,C,107.75,5.37,1168.8,9.88,0.37,20009,678.01,174.08,154.97,0.46,22792,0.88,0.61,159.61,66.42,301.25,276.62,833.32,1,11.5
11/06/2023,10,Y,3,D,151.26,6.22,1459.51,9.12,0.31,15333,504.19,153.58,130.07,0.53,16334,0.94,0.78,139.72,66.42,230.85,276.62,638.57,1,18.8
11/06/2023,10,Y,3,C,128.87,6.56,1276.68,9.38,0.36,19348,634.54,166.77,154.4,0.38,21359,0.91,0.68,156.95,66.42,291.3,276.62,805.79,1,25
11/06/2023,10,Y,3,D,153.81,6.09,1440.23,11.22,0.39,17431,552.07,174.65,131.89,0.66,18666,0.93,0.72,148.98,66.42,262.44,276.62,725.95,1,19.4
11/06/2023,10,Y,3,C,129.17,6.51,1292.24,10.85,0.42,21516,706.84,198.62,147.2,0.67,24608,0.87,0.7,165.51,66.42,323.94,276.62,896.08,1,21.4
11/06/2023,10,Y,3,C,105.03,5.24,1059.75,8.13,0.32,20743,707.07,181.39,152.36,0.54,26758,0.78,0.6,162.51,66.42,312.3,276.62,863.89,0,0
11/06/2023,10,Y,3,D,154.51,6.35,1531.79,11.3,0.37,16514,554.17,154.1,140.3,0.41,18027,0.92,0.71,145,66.42,248.63,276.62,687.76,1,28.1
11/06/2023,0,N,4,D,124.95,5.29,1491.56,9.41,0.36,18238,661.91,179.24,137,0.64,21317,0.86,0.69,152.39,61.15,298.25,109.61,326.91,0,0
11/06/2023,0,N,4,C,80.68,4.21,1164.96,5.41,0.22,17537,747.55,163.72,148.27,0.42,21586,0.81,0.64,149.43,61.15,286.79,109.61,314.35,0,0
11/06/2023,0,N,4,D,133.93,5.6,1757.79,8.56,0.34,16384,626.94,150.89,144.91,0.28,18906,0.87,0.67,144.43,61.15,267.93,109.61,293.68,0,0
11/06/2023,0,N,4,C,70.02,3.51,1032.53,4.47,0.19,15599,677.09,164.2,137.81,0.54,19153,0.81,0.64,140.93,61.15,255.09,109.61,279.61,0,0
11/06/2023,0,N,4,D,136.57,5.7,1717.14,9.48,0.38,21537,643.53,197.78,142.24,0.69,23481,0.92,0.72,165.6,61.15,352.2,109.61,386.05,0,0
11/06/2023,0,N,4,D,123.53,5.24,1675.5,7.41,0.28,16722,682.01,184.31,124.93,0.74,20173,0.83,0.63,145.91,61.15,273.46,109.61,299.74,0,0
11/06/2023,0,N,4,C,93.04,4.59,1339.43,5.51,0.23,18927,818.18,177.3,149.58,0.54,23531,0.8,0.62,155.24,61.15,309.52,109.61,339.26,0,0
11/06/2023,0,N,4,D,126.33,5.05,1651.11,8.3,0.31,15419,568.03,153.16,134.75,0.48,17300,0.89,0.76,140.11,61.15,252.15,109.61,276.38,0,0
11/06/2023,0,N,4,C,92.82,4.64,1324.88,5.8,0.25,18602,740.78,171.9,151.64,0.47,22687,0.82,0.6,153.9,61.15,304.2,109.61,333.44,0,0
11/06/2023,0,N,4,D,139.66,5.75,1730.7,9.67,0.34,18337,654.4,170.95,145.31,0.53,21617,0.85,0.63,152.8,61.15,299.87,109.61,328.69,0,0
11/06/2023,0,N,4,C,99.89,5.09,1344.52,5.48,0.27,18933,678.04,169.25,151.49,0.45,22235,0.85,0.63,155.26,61.15,309.62,109.61,339.37,0,0
11/06/2023,0,N,4,C,78.78,3.87,1138.95,4.58,0.2,10689,503.79,130.42,114.17,0.48,12570,0.85,0.7,116.66,61.15,174.8,109.61,191.6,0,0
11/06/2023,0,N,4,D,92.28,3.68,1050.37,7.07,0.26,15687,726.78,159.67,143.66,0.44,20712,0.76,0.56,141.33,61.15,256.53,109.61,281.19,0,0
11/06/2023,10,N,5,D,116.5,4.88,1625.43,7.1,0.24,18605,724.62,203.64,125.27,0.79,22388,0.83,0.61,153.91,71.74,259.34,89.39,231.82,0,0
11/06/2023,10,N,5,C,77.51,4.18,1164.45,4.61,0.17,16291,749.65,170.83,144.18,0.54,21617,0.75,0.57,144.02,71.74,227.08,89.39,202.99,0,0
11/06/2023,10,N,5,D,117.02,4.86,1776.18,6.37,0.21,16847,611.73,167.09,134.06,0.6,18854,0.89,0.72,146.46,71.74,234.83,89.39,209.92,0,0
11/06/2023,10,N,5,C,92.86,4.76,1427.11,6.47,0.22,20543,752.72,175.58,166.14,0.32,25387,0.81,0.63,161.73,71.74,286.35,89.39,255.97,0,0
11/06/2023,10,N,5,D,119.64,4.92,1681.2,6.64,0.23,18000,635.75,182.16,131.39,0.69,20762,0.87,0.61,151.39,71.74,250.91,89.39,224.28,0,0
11/06/2023,10,N,5,D,126.9,5.42,1839.05,6.85,0.24,17974,698.24,183.83,134.74,0.68,22451,0.8,0.62,151.28,71.74,250.54,89.39,223.96,0,0
11/06/2023,10,N,5,C,88.49,4.61,1319.29,6.56,0.25,21190,897.19,193.26,162.06,0.54,27660,0.77,0.6,164.26,71.74,295.37,89.39,264.03,0,0
11/06/2023,10,N,5,D,129.13,5.25,1727.68,7.35,0.24,15186,594.07,164.75,122.5,0.67,17086,0.89,0.75,139.05,71.74,211.68,89.39,189.22,0,0
11/06/2023,10,N,5,C,86.82,4.33,1276.19,5.19,0.2,18004,751.41,169.81,155.43,0.4,22744,0.79,0.58,151.4,71.74,250.96,89.39,224.33,0,0
11/06/2023,10,N,5,D,108.1,4.51,1556.92,5.58,0.19,15550,598.8,169.58,123.68,0.68,17916,0.87,0.63,140.71,71.74,216.75,89.39,193.76,0,0
11/06/2023,10,N,5,C,90.55,4.45,1291.97,5.59,0.19,19270,749.03,173.41,160.5,0.38,23615,0.82,0.61,156.64,71.74,268.61,89.39,240.11,0,0
11/06/2023,10,N,5,C,68.64,3.77,830.92,4.24,0.16,16364,773.11,173.01,142.41,0.57,21603,0.76,0.55,144.34,71.74,228.1,89.39,203.9,0,0
11/06/2023,10,N,5,D,120.67,4.81,1657.53,5.29,0.19,15816,597.2,161.67,133.14,0.57,18492,0.86,0.67,141.91,71.74,220.46,89.39,197.07,0,0
11/06/2023,5,N,6,D,101.74,4.48,1516.32,5.63,0.19,17615,810.52,192.83,130.64,0.74,22217,0.79,0.58,149.76,63.36,278.01,204.93,569.74,0,0
11/06/2023,5,N,6,C,69.39,3.68,1048.69,4.45,0.17,16059,734.34,161.41,140.5,0.49,19700,0.82,0.65,142.99,63.36,253.46,204.93,519.41,0,0
11/06/2023,5,N,6,D,112.54,4.64,1684.95,6.53,0.21,16235,613.09,159.84,136.49,0.52,18608,0.87,0.64,143.77,63.36,256.23,204.93,525.1,0,0
11/06/2023,5,N,6,C,87.33,4.58,1303.75,5.55,0.19,20502,738.83,180.14,158.41,0.48,24956,0.82,0.61,161.57,63.36,323.58,204.93,663.11,0,0
11/06/2023,5,N,6,D,117.19,4.86,1679.64,6.33,0.23,18916,611.73,170.8,144.62,0.53,20571,0.92,0.74,155.19,63.36,298.55,204.93,611.81,0,0
11/06/2023,5,N,6,D,131.77,5.64,1700.15,7.91,0.27,18967,644.56,179.73,143.63,0.6,21821,0.87,0.63,155.4,63.36,299.35,204.93,613.46,0,0
11/06/2023,5,N,6,C,88.07,4.42,1351.95,5.61,0.2,18445,720.44,179.88,143.23,0.6,22334,0.83,0.66,153.25,63.36,291.11,204.93,596.58,0,0
11/06/2023,5,N,6,D,133.51,5.39,1893.57,7.44,0.25,16810,634.7,169.57,135,0.61,19922,0.84,0.62,146.3,63.36,265.31,204.93,543.7,0,0
11/06/2023,5,N,6,C,66,3.63,984.58,4.61,0.18,15643,678.98,156.58,151.37,0.26,20351,0.77,0.58,141.13,63.36,246.89,204.93,505.95,0,0
11/06/2023,5,N,6,D,113.02,4.88,1644.19,6.31,0.22,19599,661.94,169.55,155.21,0.4,24280,0.81,0.63,157.97,63.36,309.33,204.93,633.91,0,0
11/06/2023,5,N,6,C,96.2,4.95,1444.81,6.12,0.22,21404,758.4,187,157.62,0.54,25713,0.83,0.64,165.08,63.36,337.82,204.93,692.29,0,0
11/06/2023,5,N,6,C,86.03,4.6,1259.5,6.25,0.22,18482,731.61,176.91,146.59,0.56,22965,0.8,0.62,153.4,63.36,291.7,204.93,597.78,0,0
11/06/2023,5,N,6,D,122.28,5.02,1678.37,6.59,0.21,16648,614.07,159.35,139.53,0.48,18869,0.88,0.7,145.59,63.36,262.75,204.93,538.46,0,0
11/13/2023,5,Y,1,D,253.39,8.56,2180.55,14.16,0.54,19729,561.35,163.21,156.8,0.28,20786,0.95,0.72,158.49,62.89,313.71,428.17,1343.2,1,20
11/13/2023,5,Y,1,D,232.46,7.55,1983.54,14.11,0.51,24745,662.16,196.76,162.85,0.56,28892,0.86,0.71,177.5,62.89,393.46,428.17,1684.7,1,18.8
11/13/2023,5,Y,1,C,250.02,10.43,2306.41,19.14,0.76,27282,909.74,207.4,182.95,0.47,32614,0.84,0.67,186.38,62.89,433.81,428.17,1857.42,1,14.3
11/13/2023,5,Y,1,D,271.39,9.12,2072.89,15.96,0.58,21521,611.43,184.96,150.23,0.58,22746,0.95,0.73,165.53,62.89,342.2,428.17,1465.2,1,31.6
11/13/2023,5,Y,1,C,258.48,10.34,2300.04,17.65,0.69,27079,734.88,193.92,186.56,0.27,30253,0.9,0.69,185.68,62.89,430.58,428.17,1843.6,0,0
11/13/2023,5,Y,1,D,262.72,8.75,1960.8,17.96,0.65,20570,558.9,168.8,155.92,0.38,21134,0.97,0.76,161.83,62.89,327.08,428.17,1400.45,1,18.4
11/13/2023,5,Y,1,C,219.18,8.97,1983.92,13.88,0.54,28945,748.44,211.3,180.59,0.52,31265,0.93,0.73,191.97,62.89,460.25,428.17,1970.64,1,12.5
11/13/2023,5,Y,1,D,238.22,7.94,2001.68,19.22,0.54,24123,634.32,212.09,147.4,0.72,25279,0.95,0.75,175.26,62.89,383.57,428.17,1642.35,1,5.9
11/13/2023,5,Y,1,D,275.87,9.21,1977.54,19.2,0.71,23030,682.01,199.72,151.31,0.65,25769,0.89,0.69,171.24,62.89,366.19,428.17,1567.94,1,25.7
11/13/2023,5,Y,1,C,250.54,10.5,2121.3,18.94,0.7,26743,796.72,213.68,169.58,0.61,30339,0.88,0.68,184.53,62.89,425.23,428.17,1820.73,1,16.7
11/13/2023,5,Y,1,D,287.68,9.83,2269.87,15.04,0.57,24908,627.29,185.76,173.47,0.36,26187,0.95,0.77,178.08,62.89,396.06,428.17,1695.8,1,25
11/13/2023,5,Y,1,C,208.03,8.54,1897.08,10.18,0.43,29773,772.68,223.9,176.7,0.61,32987,0.9,0.75,194.7,62.89,473.41,428.17,2027.02,1,14.3
11/13/2023,5,Y,1,D,221.04,7.6,1869.97,10.49,0.4,25225,666.74,189.86,174.93,0.39,27180,0.93,0.71,179.21,62.89,401.1,428.17,1717.38,1,19.4
11/13/2023,0,Y,2,D,308.47,10.7,2287.56,20.8,0.78,21471,585.73,175.78,157.11,0.45,22376,0.96,0.73,165.34,63.36,338.87,425.35,1441.4,1,22.2
11/13/2023,0,Y,2,C,241.33,10.36,2258.44,13.79,0.56,24569,733.33,217.91,150.41,0.72,27602,0.89,0.7,176.87,63.36,387.77,425.35,1649.37,1,18.2
11/13/2023,0,Y,2,C,251.73,11.06,2418.86,16.41,0.66,26341,826.24,210.39,168.79,0.6,30531,0.86,0.62,183.13,63.36,415.74,425.35,1768.33,1,18.9
11/13/2023,0,Y,2,D,297.4,10.26,2190.64,19.05,0.73,21748,623.67,173.77,162.77,0.35,23120,0.94,0.7,166.4,63.36,343.24,425.35,1459.99,1,15.4
11/13/2023,0,Y,2,C,261.74,11.1,2445.42,14.91,0.61,25713,721.21,201.27,170.09,0.53,28707,0.9,0.71,180.94,63.36,405.82,425.35,1726.17,1,19.4
11/13/2023,0,Y,2,D,276.54,9.41,2119.57,15.06,0.56,20139,582.6,174.01,151.91,0.49,21076,0.96,0.72,160.13,63.36,317.85,425.35,1351.98,1,20.6
11/13/2023,0,Y,2,C,243.6,9.87,2378.87,14.8,0.58,24081,692.72,190.37,167.46,0.48,26430,0.91,0.7,175.1,63.36,380.07,425.35,1616.61,0,0
11/13/2023,0,Y,2,D,276.86,9.35,2148.57,15.86,0.61,22845,645.33,205.49,147.85,0.69,24366,0.94,0.69,170.55,63.36,360.56,425.35,1533.64,1,5.6
11/13/2023,0,Y,2,D,267.98,9.25,2207.11,15.8,0.58,24725,640.74,206.79,154.15,0.67,25738,0.96,0.72,177.43,63.36,390.23,425.35,1659.85,1,13.2
11/13/2023,0,Y,2,C,245.52,10.36,2300.89,15.25,0.6,28579,760.24,213,176.42,0.56,32712,0.87,0.66,190.76,63.36,451.06,425.35,1918.57,1,6.9
11/13/2023,0,Y,2,D,262.27,9.56,2187.1,16.29,0.61,21603,584.8,174.78,159.65,0.41,22379,0.97,0.73,165.85,63.36,340.96,425.35,1450.26,1,21.6
11/13/2023,0,Y,2,C,240.08,10.31,2325.47,18.84,0.74,26020,771.13,211.55,169.73,0.6,34842,0.75,0.57,182.02,63.36,410.67,425.35,1746.78,1,10
11/13/2023,0,Y,2,D,303.78,9.99,2183.04,18.82,0.74,24617,636.52,195.49,164.19,0.54,25521,0.96,0.78,177.04,63.36,388.53,425.35,1652.59,1,10.3
11/13/2023,10,Y,3,D,298.33,9.88,2215.69,19.01,0.71,21867,575.97,184.76,152.16,0.57,22490,0.97,0.78,166.86,66.42,329.22,384.95,1267.34,1,23.8
11/13/2023,10,Y,3,C,271.32,11.69,2468.21,21.27,0.8,32751,895.74,232.6,193.58,0.55,38246,0.86,0.68,204.21,66.42,493.09,384.95,1898.15,1,18.9
11/13/2023,10,Y,3,C,231.43,10.22,2353.1,15.94,0.62,20068,565.77,171.76,151.07,0.48,20925,0.96,0.71,159.85,66.42,302.14,384.95,1163.08,1,17.6
11/13/2023,10,Y,3,D,283.61,9.44,2353.19,17.89,0.66,33053,906.67,243.48,180.93,0.67,38055,0.87,0.6,205.14,66.42,497.64,384.95,1915.65,1,18.6
11/13/2023,10,Y,3,C,240.16,10.61,2363.08,16.41,0.66,23889,634.06,189.52,163.03,0.51,25186,0.95,0.73,174.4,66.42,359.67,384.95,1384.53,1,17.1
11/13/2023,10,Y,3,D,264.94,9.55,2018.8,16.14,0.59,26477,820.14,216.95,166.51,0.64,31122,0.85,0.62,183.61,66.42,398.63,384.95,1534.53,1,21.1
11/13/2023,10,Y,3,C,272.22,11.54,2478.18,20.21,0.75,25058,658.54,205.66,157.58,0.64,26590,0.94,0.69,178.62,66.42,377.27,384.95,1452.29,1,17.1
11/13/2023,10,Y,3,D,270.25,9.53,2178.39,14.06,0.54,30037,840.77,221.72,185.09,0.55,34485,0.87,0.62,195.56,66.42,452.23,384.95,1740.85,1,25.6
11/13/2023,10,Y,3,D,259.53,9.05,2043.87,13.63,0.51,22882,749.61,202.93,149.96,0.67,26716,0.86,0.64,170.69,66.42,344.5,384.95,1326.17,1,17.5
11/13/2023,10,Y,3,C,234.93,9.43,2211.96,14.95,0.57,21533,590.66,176.74,157.05,0.46,22516,0.96,0.78,165.58,66.42,324.19,384.95,1247.99,1,14.7
11/13/2023,10,Y,3,D,274.62,9,2198.9,14.96,0.56,26281,814.81,220.32,167.49,0.65,32267,0.81,0.62,182.93,66.42,395.68,384.95,1523.17,1,22.5
11/13/2023,10,Y,3,C,220.97,9.66,2069.63,13.83,0.58,29900,869.68,207.04,194.51,0.34,34462,0.87,0.71,195.11,66.42,450.17,384.95,1732.91,1,9.7
11/13/2023,10,Y,3,D,281.03,9.7,2298.65,16.05,0.64,27340,699.55,216.86,164.27,0.65,32505,0.84,0.66,186.58,66.42,411.62,384.95,1584.54,1,21.4
11/13/2023,0,N,4,D,204.1,7.3,2193.12,10.34,0.39,23444,620.5,189.67,158.83,0.55,24556,0.95,0.74,172.77,61.15,383.39,162.25,622.04,0,0
11/13/2023,0,N,4,C,195.39,8.1,2133.99,10.76,0.43,33464,978.63,257.26,185.25,0.69,42555,0.79,0.58,206.42,61.15,547.24,162.25,887.9,0,0
11/13/2023,0,N,4,C,185.2,7.73,2218.09,9.7,0.38,27663,926.16,199.97,196.02,0.2,34850,0.79,0.62,187.67,61.15,452.38,162.25,733.99,0,0
11/13/2023,0,N,4,D,219.65,7.99,2457.89,12.16,0.44,26183,709.53,199.85,173.51,0.5,28785,0.91,0.76,182.58,61.15,428.18,162.25,694.72,0,0
11/13/2023,0,N,4,C,156.44,6.73,1946.51,8.91,0.34,23542,875.15,194.2,175.93,0.42,30568,0.77,0.58,173.13,61.15,384.99,162.25,624.64,0,0
11/13/2023,0,N,4,D,217.79,7.9,2644.56,9.38,0.36,23536,684.2,181.23,175.36,0.25,25577,0.92,0.68,173.11,61.15,384.89,162.25,624.48,0,0
11/13/2023,0,N,4,C,177.05,7.51,2056.28,9.61,0.39,28302,970.22,227.43,185.92,0.58,37509,0.75,0.53,189.83,61.15,462.83,162.25,750.94,0,0
11/13/2023,0,N,4,D,222.83,7.6,2285.93,11.48,0.43,22068,654.4,192.96,151.84,0.62,24398,0.9,0.72,167.62,61.15,360.88,162.25,585.53,0,0
11/13/2023,0,N,4,D,218.26,7.33,2399.89,10.9,0.4,21491,633.04,171.19,164.3,0.28,23120,0.93,0.69,165.42,61.15,351.45,162.25,570.22,0,0
11/13/2023,0,N,4,C,169.49,7.06,2087.63,8.17,0.33,28534,739.45,218.63,169.92,0.63,30841,0.93,0.63,190.61,61.15,466.62,162.25,757.1,0,0
11/13/2023,0,N,4,D,173.9,6.6,1885.97,5.6,0.22,27363,881.84,220.3,175.13,0.61,33392,0.82,0.58,186.65,61.15,447.47,162.25,726.03,0,0
11/13/2023,0,N,4,C,159.66,6.89,1836.65,8.15,0.33,30563,749.27,220.71,180.22,0.58,32941,0.93,0.73,197.27,61.15,499.8,162.25,810.93,0,0
11/13/2023,0,N,4,D,226.63,7.17,2384.03,12.79,0.47,28410,953.92,225.39,185.48,0.57,36963,0.77,0.6,190.19,61.15,464.6,162.25,753.81,0,0
11/13/2023,10,N,5,D,212.94,7.23,2460.12,11.69,0.39,24556,728.93,198.21,169.01,0.52,30620,0.8,0.7,176.82,71.74,342.29,145.29,497.32,0,0
11/13/2023,10,N,5,C,157.06,6.38,1806.06,8.85,0.32,28184,908.02,232.13,167.37,0.69,34027,0.83,0.6,189.43,71.74,392.86,145.29,570.79,0,0
11/13/2023,10,N,5,C,176.68,7.79,2162.49,11.68,0.35,30317,907.55,220.69,190.49,0.5,36838,0.82,0.6,196.47,71.74,422.6,145.29,613.99,0,0
11/13/2023,10,N,5,D,205.45,7.06,2444.35,10.55,0.34,27753,735.03,206.19,176.63,0.52,29821,0.93,0.75,187.98,71.74,386.86,145.29,562.06,0,0
11/13/2023,10,N,5,C,176.84,7.3,2237.47,11.3,0.37,29143,1111.26,222.16,189.59,0.52,37166,0.78,0.61,192.63,71.74,406.23,145.29,590.21,0,0
11/13/2023,10,N,5,D,235.76,7.65,2845.46,11.18,0.36,26259,703.56,201.29,170.74,0.53,30906,0.85,0.67,182.85,71.74,366.03,145.29,531.81,0,0
11/13/2023,10,N,5,C,156.25,6.38,1894.53,7.22,0.28,28978,893.13,201.03,197.36,0.19,33314,0.87,0.68,192.08,71.74,403.93,145.29,586.87,0,0
11/13/2023,10,N,5,D,208.88,7.09,2162.78,8.36,0.28,25071,657.19,201.42,162.25,0.59,26773,0.94,0.71,178.67,71.74,349.47,145.29,507.75,0,0
11/13/2023,10,N,5,D,206.53,7.44,2217.01,10.52,0.35,26729,722.52,218.26,159.9,0.68,29781,0.9,0.64,184.48,71.74,372.58,145.29,541.32,1,8.1
11/13/2023,10,N,5,C,167.63,6.75,1923.83,9.91,0.36,25964,919.92,207.46,178.6,0.51,32931,0.79,0.56,181.82,71.74,361.92,145.29,525.83,0,0
11/13/2023,10,N,5,D,239.65,7.55,2687.96,11.79,0.4,27887,717.41,205.66,177.5,0.51,29726,0.94,0.75,188.43,71.74,388.72,145.29,564.78,0,0
11/13/2023,10,N,5,C,190.29,7.52,2187.09,10.44,0.37,34250,982.02,240.6,204.76,0.53,46982,0.73,0.58,208.83,71.74,477.42,145.29,693.64,0,0
11/13/2023,10,N,5,D,204.25,6.92,2461.14,10.26,0.32,25114,772.18,206.33,161.96,0.62,29416,0.85,0.66,178.82,71.74,350.07,145.29,508.62,0,0
11/13/2023,5,N,6,D,216.21,7.24,2386.16,9.95,0.33,26151,659.19,194.94,173.57,0.46,27519,0.95,0.82,182.47,63.36,412.74,260.44,1074.93,0,0
11/13/2023,5,N,6,C,163.83,6.67,2068.71,8.47,0.3,29552,914.12,239.35,174.08,0.69,36430,0.81,0.62,193.98,63.36,466.41,260.44,1214.73,1,3.4
11/13/2023,5,N,6,C,219.48,9.1,2599.76,13.39,0.44,31457,1034.69,242.47,186.47,0.64,39679,0.79,0.6,200.13,63.36,496.48,260.44,1293.03,0,0
11/13/2023,5,N,6,D,220.47,7.66,2615.29,10.6,0.32,25803,719.61,190.3,177.63,0.36,28345,0.91,0.67,181.26,63.36,407.24,260.44,1060.63,0,0
11/13/2023,5,N,6,C,165.19,6.8,1925.69,8.12,0.26,23013,846.14,199.28,171.19,0.51,30343,0.76,0.56,171.18,63.36,363.21,260.44,945.94,0,0
11/13/2023,5,N,6,D,236.46,7.26,2505.63,11.24,0.35,28307,723.53,205.41,180.51,0.48,30216,0.94,0.77,189.85,63.36,446.76,260.44,1163.55,0,0
11/13/2023,5,N,6,C,146.02,6.12,1853.56,8.24,0.28,31090,927.74,223.59,195.51,0.49,38217,0.81,0.64,198.96,63.36,490.69,260.44,1277.95,0,0
11/13/2023,5,N,6,D,231.02,7.42,2526.61,11.87,0.37,29899,766.2,201.18,197.41,0.19,32541,0.92,0.7,195.11,63.36,471.89,260.44,1228.99,0,0
11/13/2023,5,N,6,D,216.57,7.38,2285.13,11.86,0.36,26903,775.75,208.93,170.48,0.58,30340,0.89,0.66,185.08,63.36,424.61,260.44,1105.84,0,0
11/13/2023,5,N,6,C,189.47,7.84,2293.62,11.98,0.34,31634,912.45,217.95,201.85,0.38,38139,0.83,0.56,200.69,63.36,499.27,260.44,1300.31,0,0
11/13/2023,5,N,6,D,245.86,8.82,2735.67,18.06,0.52,27651,820.77,212.87,176.17,0.56,32132,0.86,0.62,187.63,63.36,436.41,260.44,1136.59,0,0
11/13/2023,5,N,6,C,202.41,8.34,2365.96,9.66,0.34,28049,742.24,223.44,165.67,0.67,30532,0.92,0.66,188.98,63.36,442.69,260.44,1152.95,0,0
11/13/2023,5,N,6,D,220.38,7.5,2408.81,11.02,0.33,36218,1025.03,241.18,210.88,0.49,49736,0.73,0.58,214.74,63.36,571.62,260.44,1488.73,0,0
